color,depth,amount,id
Red,100.000000,20,4
Blue,180.000000,3,1
Green,130.000000,21,5
Blue,45.000000,3,9
